feature1,target
-0.752759286915825,-1.0658726361051738
2.704285838459497,-0.7440704134469881
1.3919636508684305,0.37939553275526594
0.5919509051822196,0.8546501251124947
-2.0638881573453807,1.0205033602207119
-2.0640328779827843,0.8814689020768657
-2.6514983269908035,0.7114720900771636
2.1970568746496113,-0.8841211996697498
0.6066900704592528,0.8393357427152333
1.248435466776273,0.6796845021594513
-2.8764930342251853,0.6215647936548941
2.819459112971966,-0.6826808337150199
1.9946558448025304,-0.6534354413561871
-1.725965335930343,0.3466586178501262
-1.9090501967573963,0.708279725038063
-1.899572940879397,0.8008613861586545
-1.1745465422427737,-0.7366491731034187
0.14853858979342704,0.2173530549136204
-0.4083298881473054,-0.8178144267502261
-1.2526251588117485,-0.6758386848083694
0.6711173683342768,0.9662831418028166
-2.163036836087749,0.9604188525846158
-1.247132108788691,-0.5753883798423302
-0.8018289402378498,-0.916741782828845
-0.26358009469778443,-0.5017809082003439
1.7110557683580816,-0.13150087907349545
-1.8019573070498416,0.4195618235134689
0.08540663048166963,0.44200074730655103
0.5544874131722548,0.9578090945827038
-2.721297523680014,0.6593212110741916
0.6452691114086302,0.8538948280016814
-1.9768552578762508,0.7739930531086665
-2.609690442088323,0.8518627624500638
2.6933132235199997,-0.7097831797442827
2.793792198447356,-0.5935230927953582
1.8503840886987668,-0.537770367058092
-1.1723173849597759,-0.7999126837446052
-2.413967315961697,0.84184730225716
1.1053981590729414,0.7574442678427422
-0.3590850375623922,-0.5723679412861453
-2.267770590931327,1.005812515637042
-0.028938539332378888,-0.18241864959659868
-2.7936688733086896,0.6583542740523445
2.4559224124726926,-0.9416428017586248
-1.4473201103998985,-0.3328357328179046
0.9751337061238918,0.9442332014967698
-1.1297335434635343,-0.7662705721543591
0.12040812706686488,0.12419837600609442
0.2802616760596779,0.5674082739481855
-1.8908732668468378,0.6533973135067539
2.8175077665873514,-0.49542325536515197
1.6507969401666873,-0.05393921248536905
2.6369936493851345,-0.9841719612964039
2.3689641025658927,-1.0934563957171468
0.5873998728665109,0.9741161402460711
2.531245410138701,-0.8879591922090079
-2.4690449876884832,1.0261422397657896
-1.8241028254851288,0.8704916135365807
-2.7286362665367716,0.7922558964609531
-1.048018015420414,-0.751647209961034
-0.667936261863108,-0.8771319040810852
-1.3719058093566245,-0.32223445792318217
1.972425054911576,-0.7511486970261941
-0.8594800398384643,-0.9131468941021664
-1.3143929418757154,-0.5679074351626254
0.2561764989494908,0.4665475988865509
-2.154454650151424,0.8711640145277502
1.813181884524238,-0.45781844487997414
-2.552696137921375,1.1552289288641555
2.9213216196031038,-0.6131563586231169
1.6334686157799445,-0.05639059639755492
-1.8077059107949656,0.2950164361529467
-2.9668672972583856,0.2951885836374156
1.892768570729005,-0.4914595845760874
1.2411440630857027,0.6189952877137568
1.3740430082459238,0.27565491361310124
1.6276220801156744,-0.1849373691270479
-2.555732089595458,0.9893805095208451
-0.8492056287343643,-1.0649049227343612
-2.3047856428492217,1.0163647746537676
2.178620555253561,-0.933037896433349
0.7397887609653475,0.9306824141291046
-1.0146118508841049,-0.6823551441731263
-2.6186498982838584,0.92876054050227
-1.1341060697060268,-0.9690186695005232
-1.0489000678395177,-0.8456724385010804
1.3776370700283844,0.3106021597418696
0.8253448281312787,1.0820535586540678
2.3232764554579592,-1.0770856624969547
-0.16671044902830423,-0.3387510845818515
-2.28243452437019,1.0396373814027602
1.27946872333797,0.6368185031932697
1.5647102917013846,-0.10785787108387858
0.3676631854169774,0.6373791082563773
1.625803079727366,-0.1572862561800717
-0.03722642181365554,-0.13971700112450264
0.13639697629196434,0.445968546324909
-0.4347538898487022,-0.7235132766329007
-2.8474852395354286,0.428788369807335
-2.3526514380401733,1.091761088373427
-2.8114248858795943,0.8255975075316508
0.8184624675826824,1.1010608263109047
-1.11386411354204,-0.9438066105891174
0.051424146988216624,0.05424366493574108
2.445398843556558,-0.857436220653572
-1.5042466251067503,-0.20347371189051272
-0.5377024617862216,-0.8354007707031992
1.533306831258292,0.15237216273226517
-1.6272110070502652,0.019897070657403426
-2.538120541027242,0.9285803515339774
-1.2614912825173918,-0.9040301146892825
-2.0326722764759735,0.6954302270940297
2.5781859140554384,-0.9283048547517867
1.8487222773865017,-0.652445458292136
0.8004225390625408,1.1627897006338057
2.2287635411263063,-1.1107122598189374
1.8220324613946868,-0.5255981402503254
-1.880579646683785,0.5937564611685967
2.3553539909398666,-0.8558712582157344
0.23605345149390433,0.3111775115717663
1.8446409309843752,-0.4043994534350672
2.376547799540959,-0.9981482938948609
-1.0919791501688167,-0.9159833967678914
-2.3396884528339394,1.0456654983717115
-1.63238902474835,0.14278005271886599
-0.4373532682424621,-0.827377047712714
1.9080885955349587,-0.6175926998293443
2.1643834995380606,-0.965846439740655
-2.958287216812856,0.3698053204879668
0.06448381546539439,0.19482348334323896
-0.49553398110732605,-0.6780098001513943
-1.6673531371756185,0.06813401346952155
-2.2808077959979034,1.201958545990069
-0.9743089715782323,-1.1246792185505
2.657458223475115,-0.839084374803117
-1.0607824078754686,-0.7932908703477485
0.11274373046019659,0.2516806964119962
1.218113753371067,0.5860419344027402
-0.8182223857242361,-1.01865813968483
2.830692496325764,-0.6317995488155993
2.7746837696526674,-0.7286461467574227
-1.489306225047815,-0.07729942325564595
-0.016508964645687296,0.002689618245927637
-1.194730141099382,-0.752488401070348
-1.2909570337351943,-0.4409538633915671
-2.7786783158728032,0.6944854300748252
0.6573860038793811,1.0486906201934254
0.016074139373168927,0.09510562562047081
-2.6911274925000637,0.7010053670078678
-1.3281212145803314,-0.5225362696491591
2.449595315799922,-0.9078738875224345
-1.5626286559981655,0.04470241143649881
-2.1306307674526614,0.8978659708409502
-0.06328343833462191,-0.11449649274967796
2.913902724663604,-0.3120370040183992
-1.5476683709309975,-0.10539655744557001
1.0328132844352713,0.9347590756605825
1.5697176919723055,-0.018061997271461416
-1.574174736045602,-0.015011353234497392
1.3692980916711575,0.5020542069818451
-0.7933012036844806,-0.9173334516102901
0.7938349835614769,1.0812086071087934
0.8011782645653682,1.1300498988661698
0.21464810444855087,0.4183313613952195
-2.45826137967355,1.0474322484696803
2.0118149735354276,-0.803062018032643
-1.075319610169585,-0.8041321024413823
-1.8808889376008746,0.5681715930125542
-2.7553491506714165,0.7076181284456164
0.5453576591294509,0.9464732143576527
1.0653861710536945,0.7654457827813349
-2.900473026432863,0.6730029509174289
0.07255834979568587,0.04400616551126299
-1.6410253488123723,0.018577801241606795
0.8710367424566992,1.1011789778979495
-1.9538014259700514,0.7724316537359549
1.1456264286147957,0.8139166033399532
-0.6795879221967756,-0.914857274210157
2.6203799324204073,-0.864854174707001
-2.1748743351240405,0.8452380122033658
-0.9536018936984489,-0.9363661888998445
-2.3191588725564656,0.9295418089307426
2.5481617096713767,-0.8296861142878988
2.264036120285886,-0.9977674426744036
-1.4523502337090664,-0.31723246545027134
0.9599042762050742,0.9075723760256795
1.903333201207295,-0.5758240198105294
0.331204869596774,0.5586462899577012
0.1779034701360389,0.26612483714264945
-1.54888625459729,-0.019437400648607946
-2.441383393164605,1.0100174355848992
2.3832945477199603,-1.0492258508409897
2.4025083429799827,-1.042816951037334
0.7986087436396077,1.0228559751793098
-0.9658212537077959,-1.0804068351727019
-0.9047425523240347,-1.112395198136224
1.3557340732214362,0.3451395498046437
2.3826615597154626,-1.0199440307412364
2.322518545590704,-0.9666419622296377
1.6792532751457432,-0.06768124661704125
